LSOAName,Inside
E01000001,False
E01000002,False
E01000003,False
E01000005,False
E01000006,False
E01000007,False
E01000008,False
E01000009,False
E01000011,False
E01000012,False
E01000013,False
E01000014,False
E01000015,False
E01000016,False
E01000017,False
E01000018,False
E01000019,False
E01000020,False
E01000021,False
E01000022,False
E01000024,False
E01000025,False
E01000027,False
E01000028,False
E01000029,False
E01000030,False
E01000031,False
E01000032,False
E01000033,False
E01000034,False
E01000035,False
E01000036,False
E01000037,False
E01000038,False
E01000039,False
E01000040,False
E01000041,False
E01000042,False
E01000043,False
E01000044,False
E01000045,False
E01000046,False
E01000049,False
E01000050,False
E01000051,False
E01000052,False
E01000053,False
E01000054,False
E01000055,False
E01000056,False
E01000415,False
E01000315,False
E01000316,False
E01000317,False
E01000318,False
E01000319,False
E01000320,False
E01000321,False
E01000322,False
E01000323,False
E01000324,False
E01000325,False
E01000326,False
E01000327,False
E01000328,False
E01000329,False
E01000330,False
E01000331,False
E01000332,False
E01000333,False
E01000334,False
E01000335,False
E01000336,False
E01000337,False
E01000338,False
E01000339,False
E01000340,False
E01000341,False
E01000342,False
E01000343,False
E01000344,False
E01000345,False
E01000346,False
E01000347,False
E01000348,False
E01000349,False
E01000350,False
E01000351,False
E01000352,False
E01000353,False
E01000354,False
E01000355,False
E01000356,False
E01000357,False
E01000358,False
E01000359,False
E01000360,False
E01000361,False
E01000362,False
E01000363,False
E01000163,False
E01000164,False
E01000165,False
E01000166,False
E01000167,False
E01000168,False
E01000169,False
E01000170,False
E01000171,False
E01000172,False
E01000173,False
E01000174,False
E01000175,False
E01000176,False
E01000177,False
E01000178,False
E01000179,False
E01000180,False
E01000181,False
E01000182,False
E01000183,False
E01000184,False
E01000185,False
E01000186,False
E01000187,False
E01000188,False
E01000189,False
E01000190,False
E01000191,False
E01000192,False
E01000193,False
E01000194,False
E01000195,False
E01000196,False
E01000197,False
E01000198,False
E01000199,False
E01000200,False
E01000201,False
E01000202,False
E01000203,False
E01000204,False
E01000205,False
E01000206,False
E01000207,False
E01000208,False
E01000209,False
E01000210,False
E01000211,False
E01000212,False
E01000108,False
E01000110,False
E01000111,False
E01000112,False
E01000113,False
E01000114,False
E01000115,False
E01000116,False
E01000117,False
E01000118,False
E01000119,False
E01000120,False
E01000121,False
E01000122,False
E01000123,False
E01000124,False
E01000126,False
E01000127,False
E01000128,False
E01000129,False
E01000130,False
E01000131,False
E01000132,False
E01000133,False
E01000134,False
E01000135,False
E01000136,False
E01000137,False
E01000138,False
E01000139,False
E01000140,False
E01000141,False
E01000142,False
E01000143,False
E01000144,False
E01000145,False
E01000146,False
E01000147,False
E01000150,False
E01000151,False
E01000152,False
E01000153,False
E01000154,False
E01000156,False
E01000157,False
E01000158,False
E01000159,False
E01000160,False
E01000161,False
E01000162,False
E01000213,False
E01000214,False
E01000215,False
E01000216,False
E01000217,False
E01000218,False
E01000219,False
E01000220,False
E01000221,False
E01000222,False
E01000223,False
E01000224,False
E01000225,False
E01000226,False
E01000227,False
E01000228,False
E01000229,False
E01000230,False
E01000231,False
E01000232,False
E01000233,False
E01000234,False
E01000235,False
E01000236,False
E01000237,False
E01000238,False
E01000239,False
E01000240,False
E01000241,False
E01000242,False
E01000243,False
E01000244,False
E01000245,False
E01000246,False
E01000247,False
E01000248,False
E01000249,False
E01000250,False
E01000251,False
E01000252,False
E01000253,False
E01000254,False
E01000255,False
E01000256,False
E01000257,False
E01000258,False
E01000259,False
E01000260,False
E01000261,False
E01000263,False
E01000364,False
E01000365,False
E01000366,False
E01000314,False
E01000367,False
E01000368,False
E01000369,False
E01000370,False
E01000371,False
E01000372,False
E01000373,False
E01000374,False
E01000375,False
E01000376,False
E01000377,False
E01000379,False
E01000380,False
E01000381,False
E01000382,False
E01000383,False
E01000384,False
E01000385,False
E01000386,False
E01000387,False
E01000388,False
E01000389,False
E01000390,False
E01000391,False
E01000392,False
E01000393,False
E01000394,False
E01000395,False
E01000396,False
E01000398,False
E01000399,False
E01000400,False
E01000401,False
E01000402,False
E01000403,False
E01000404,False
E01000405,False
E01000406,False
E01000407,False
E01000408,False
E01000409,False
E01000410,False
E01000411,False
E01000412,False
E01000413,False
E01000414,False
E01000264,False
E01000265,False
E01000266,False
E01000267,False
E01000268,False
E01000269,False
E01000270,False
E01000271,False
E01000272,False
E01000273,False
E01000274,False
E01000275,False
E01000276,False
E01000277,False
E01000278,False
E01000279,False
E01000280,False
E01000281,False
E01000282,False
E01000283,False
E01000284,False
E01000285,False
E01000286,False
E01000287,False
E01000288,False
E01000289,False
E01000290,False
E01000291,False
E01000292,False
E01000293,False
E01000294,False
E01000295,False
E01000296,False
E01000297,False
E01000298,False
E01000299,False
E01000300,False
E01000301,False
E01000302,False
E01000303,False
E01000304,False
E01000305,False
E01000306,False
E01000307,False
E01000308,False
E01000309,False
E01000310,False
E01000311,False
E01000312,False
E01000313,False
E01000057,False
E01000058,False
E01000059,False
E01000060,False
E01000061,False
E01000062,False
E01000063,False
E01000064,False
E01000065,False
E01000066,False
E01000067,False
E01000068,False
E01000069,False
E01000070,False
E01000071,False
E01000072,False
E01000073,False
E01000074,False
E01000075,False
E01000076,False
E01000077,False
E01000078,False
E01000079,False
E01000080,False
E01000081,False
E01000082,False
E01000083,False
E01000084,False
E01000085,False
E01000086,False
E01000087,False
E01000088,False
E01000089,False
E01000090,False
E01000091,False
E01000093,False
E01000094,False
E01000095,False
E01000096,False
E01000097,False
E01000098,False
E01000099,False
E01000100,False
E01000101,False
E01000102,False
E01000103,False
E01000104,False
E01000105,False
E01000106,False
E01000107,False
E01000520,False
E01000521,False
E01000522,False
E01000523,False
E01000524,False
E01000525,False
E01000518,False
E01000526,False
E01000416,False
E01000527,False
E01000528,False
E01000530,False
E01000531,False
E01000532,False
E01000533,False
E01000534,False
E01000535,False
E01000536,False
E01000538,False
E01000539,False
E01000540,False
E01000541,False
E01000543,False
E01000544,False
E01000545,False
E01000546,False
E01000547,False
E01000548,False
E01000549,False
E01000550,False
E01000551,False
E01000552,False
E01000553,False
E01000554,False
E01000555,False
E01000556,False
E01000557,False
E01000558,False
E01000559,False
E01000560,False
E01000561,False
E01000562,False
E01000563,False
E01000564,False
E01000565,False
E01000566,False
E01000567,False
E01000568,False
E01000569,False
E01000570,False
E01000571,False
E01000781,False
E01000782,False
E01000629,False
E01000630,False
E01000631,False
E01000632,False
E01000633,False
E01000634,False
E01000636,False
E01000637,False
E01000638,False
E01000639,False
E01000640,False
E01000641,False
E01000642,False
E01000643,False
E01000644,False
E01000645,False
E01000646,False
E01000647,False
E01000648,False
E01000649,False
E01000650,False
E01000651,False
E01000652,False
E01000653,False
E01000654,False
E01000655,False
E01000656,False
E01000657,False
E01000658,False
E01000659,False
E01000661,False
E01000662,False
E01000663,False
E01000664,False
E01000665,False
E01000666,False
E01000667,False
E01000668,False
E01000669,False
E01000670,False
E01000671,False
E01000672,False
E01000673,False
E01000674,False
E01000676,False
E01000677,False
E01000678,False
E01000679,False
E01000519,False
E01000418,False
E01000419,False
E01000420,False
E01000421,False
E01000422,False
E01000423,False
E01000424,False
E01000425,False
E01000426,False
E01000427,False
E01000428,False
E01000429,False
E01000430,False
E01000431,False
E01000433,False
E01000434,False
E01000435,False
E01000436,False
E01000437,False
E01000438,False
E01000439,False
E01000440,False
E01000441,False
E01000442,False
E01000443,False
E01000444,False
E01000445,False
E01000446,False
E01000447,False
E01000448,False
E01000449,False
E01000450,False
E01000451,False
E01000452,False
E01000453,False
E01000454,False
E01000455,False
E01000456,False
E01000457,False
E01000458,False
E01000459,False
E01000460,False
E01000461,False
E01000462,False
E01000463,False
E01000464,False
E01000465,False
E01000466,False
E01000572,False
E01000628,False
E01000731,False
E01000732,False
E01000733,False
E01000734,False
E01000735,False
E01000736,False
E01000737,False
E01000738,False
E01000739,False
E01000741,False
E01000742,False
E01000743,False
E01000744,False
E01000745,False
E01000746,False
E01000747,False
E01000748,False
E01000749,False
E01000750,False
E01000751,False
E01000752,False
E01000753,False
E01000754,False
E01000755,False
E01000756,False
E01000757,False
E01000758,False
E01000759,False
E01000760,False
E01000761,False
E01000762,False
E01000763,False
E01000764,False
E01000765,False
E01000766,False
E01000767,False
E01000768,False
E01000769,False
E01000770,False
E01000771,False
E01000772,False
E01000773,False
E01000774,False
E01000775,False
E01000777,False
E01000778,False
E01000779,False
E01000780,False
E01000680,False
E01000417,False
E01000467,False
E01000468,False
E01000469,False
E01000470,False
E01000471,False
E01000472,False
E01000473,False
E01000474,False
E01000475,False
E01000476,False
E01000477,False
E01000478,False
E01000479,False
E01000480,False
E01000481,False
E01000483,False
E01000484,False
E01000485,False
E01000486,False
E01000487,False
E01000488,False
E01000489,False
E01000490,False
E01000491,False
E01000492,False
E01000493,False
E01000494,False
E01000495,False
E01000497,False
E01000498,False
E01000499,False
E01000501,False
E01000502,False
E01000503,False
E01000504,False
E01000505,False
E01000506,False
E01000507,False
E01000508,False
E01000509,False
E01000510,False
E01000511,False
E01000512,False
E01000513,False
E01000514,False
E01000515,False
E01000516,False
E01000517,False
E01000573,False
E01000574,False
E01000575,False
E01000576,False
E01000577,False
E01000578,False
E01000579,False
E01000580,False
E01000581,False
E01000582,False
E01000583,False
E01000584,False
E01000585,False
E01000586,False
E01000587,False
E01000589,False
E01000590,False
E01000591,False
E01000592,False
E01000593,False
E01000594,False
E01000595,False
E01000596,False
E01000599,False
E01000601,False
E01000602,False
E01000603,False
E01000604,False
E01000605,False
E01000606,False
E01000607,False
E01000608,False
E01000609,False
E01000610,False
E01000611,False
E01000612,False
E01000613,False
E01000615,False
E01000616,False
E01000617,False
E01000618,False
E01000619,False
E01000620,False
E01000621,False
E01000622,False
E01000623,False
E01000624,False
E01000625,False
E01000626,False
E01000627,False
E01000681,False
E01000682,False
E01000683,False
E01000684,False
E01000685,False
E01000686,False
E01000687,False
E01000688,False
E01000689,False
E01000690,False
E01000691,False
E01000692,False
E01000693,False
E01000694,False
E01000695,False
E01000696,False
E01000697,False
E01000698,False
E01000783,False
E01000699,False
E01000700,False
E01000701,False
E01000702,False
E01000703,False
E01000704,False
E01000705,False
E01000706,False
E01000707,False
E01000708,False
E01000709,False
E01000710,False
E01000711,False
E01000712,False
E01000713,False
E01000714,False
E01000715,False
E01000716,False
E01000717,False
E01000718,False
E01000719,False
E01000720,False
E01000721,False
E01000722,False
E01000723,False
E01000724,False
E01000725,False
E01000726,False
E01000727,False
E01000728,False
E01000729,False
E01000730,False
E01000784,False
E01000785,False
E01000786,False
E01000787,False
E01000788,False
E01000789,False
E01000790,False
E01000791,False
E01000792,False
E01000793,False
E01000794,False
E01000795,False
E01000796,False
E01000797,False
E01000798,False
E01000799,False
E01000800,False
E01000801,False
E01000802,False
E01000803,False
E01000804,False
E01000805,False
E01000806,False
E01000807,False
E01000808,False
E01000809,False
E01000810,False
E01000811,False
E01000812,False
E01000813,False
E01000814,False
E01000815,False
E01000816,False
E01000818,False
E01000819,False
E01000820,False
E01000822,False
E01000823,False
E01000824,False
E01000825,False
E01000826,False
E01000827,False
E01000828,False
E01000829,False
E01000830,False
E01000831,False
E01000832,False
E01000833,False
E01000834,False
E01001182,False
E01001183,False
E01001184,False
E01001185,False
E01001186,False
E01001187,False
E01001188,False
E01001189,False
E01001190,False
E01001191,False
E01001192,False
E01001193,False
E01000915,False
E01001194,False
E01001195,False
E01001196,False
E01001001,False
E01000835,False
E01001201,False
E01001197,False
E01000918,False
E01001198,False
E01000836,False
E01000919,False
E01001199,False
E01000962,False
E01000893,False
E01000837,False
E01000916,False
E01000920,False
E01000954,False
E01000838,False
E01001200,False
E01000921,False
E01001053,False
E01000839,False
E01001002,False
E01000922,False
E01001054,False
E01000840,False
E01001003,False
E01000923,False
E01001055,False
E01000841,False
E01001004,False
E01001005,False
E01001006,False
E01001007,False
E01001008,False
E01001009,False
E01001010,False
E01001011,False
E01001012,False
E01001013,False
E01001015,False
E01001016,False
E01001017,False
E01001018,False
E01001019,False
E01001020,False
E01001021,False
E01001022,False
E01001023,False
E01001024,False
E01001025,False
E01001026,False
E01001027,False
E01001028,False
E01001029,False
E01001030,False
E01001031,False
E01001032,False
E01001033,False
E01001034,False
E01001035,False
E01001036,False
E01001037,False
E01001038,False
E01001039,False
E01001040,False
E01001041,False
E01001042,False
E01001044,False
E01001046,False
E01001047,False
E01001099,False
E01001100,False
E01000842,False
E01000843,False
E01000844,False
E01000845,False
E01000846,False
E01000847,False
E01000848,False
E01000849,False
E01000850,False
E01000851,False
E01000853,False
E01000855,False
E01000856,False
E01000857,False
E01000858,False
E01000859,False
E01000860,False
E01000861,False
E01000862,False
E01000863,False
E01000866,False
E01000867,False
E01000868,False
E01000869,False
E01000870,False
E01000871,False
E01000872,False
E01000873,False
E01000874,False
E01000875,False
E01000876,False
E01000877,False
E01000878,False
E01000879,False
E01000880,False
E01000881,False
E01000882,False
E01000883,False
E01000884,False
E01000885,False
E01000886,False
E01000887,False
E01000888,False
E01000924,False
E01001056,False
E01001057,False
E01000925,False
E01001058,False
E01000926,False
E01001059,False
E01000927,False
E01001060,False
E01000928,False
E01001061,False
E01000929,False
E01001062,False
E01000930,False
E01001063,False
E01000931,False
E01000932,False
E01000933,False
E01000934,False
E01000935,False
E01000937,False
E01000938,False
E01000939,False
E01001202,False
E01000964,False
E01000965,False
E01000966,False
E01000967,False
E01000968,False
E01000969,False
E01000970,False
E01000971,False
E01000972,False
E01000973,False
E01000974,False
E01000975,False
E01000976,False
E01000977,False
E01000978,False
E01000979,False
E01000980,False
E01000981,False
E01000982,False
E01000983,False
E01000984,False
E01000985,False
E01000986,False
E01001064,False
E01000987,False
E01000989,False
E01001065,False
E01000990,False
E01001066,False
E01000991,False
E01001067,False
E01001068,False
E01001069,False
E01001070,False
E01001071,False
E01001072,False
E01001073,False
E01001074,False
E01001075,False
E01001076,False
E01001077,False
E01001078,False
E01001079,False
E01001080,False
E01001081,False
E01001082,False
E01001101,False
E01001102,False
E01001103,False
E01001104,False
E01001105,False
E01001106,False
E01001107,False
E01000917,False
E01001108,False
E01001109,False
E01001110,False
E01001111,False
E01001112,False
E01001113,False
E01001114,False
E01001115,False
E01001116,False
E01001118,False
E01001119,False
E01001120,False
E01001121,False
E01001122,False
E01001123,False
E01001124,False
E01001125,False
E01001126,False
E01001127,False
E01001128,False
E01001129,False
E01001130,False
E01001131,False
E01001132,False
E01001133,False
E01001134,False
E01001135,False
E01001136,False
E01001137,False
E01001138,False
E01001139,False
E01001140,False
E01001141,False
E01001142,False
E01001143,False
E01001144,False
E01001145,False
E01001146,False
E01001147,False
E01001148,False
E01001149,False
E01000963,False
E01000992,False
E01000993,False
E01000994,False
E01001203,False
E01001204,False
E01001205,False
E01001206,False
E01001207,False
E01001208,False
E01001209,False
E01001210,False
E01001211,False
E01001212,False
E01001213,False
E01001214,False
E01001215,False
E01001216,False
E01001217,False
E01001218,False
E01001219,False
E01001220,False
E01001223,False
E01001224,False
E01001225,False
E01001226,False
E01001227,False
E01001228,False
E01001229,False
E01001230,False
E01001231,False
E01001232,False
E01001233,False
E01001234,False
E01001235,False
E01001236,False
E01001237,False
E01001239,False
E01001240,False
E01001241,False
E01001242,False
E01001243,False
E01001244,False
E01001245,False
E01001246,False
E01001247,False
E01001248,False
E01001249,False
E01001250,False
E01001251,False
E01001252,False
E01001083,False
E01000995,False
E01001084,False
E01001085,False
E01001086,False
E01001087,False
E01001088,False
E01001089,False
E01001090,False
E01001091,False
E01001092,False
E01001093,False
E01001094,False
E01001095,False
E01001096,False
E01001097,False
E01001098,False
E01000894,False
E01000955,False
E01000895,False
E01000896,False
E01000897,False
E01000898,False
E01000899,False
E01000900,False
E01000901,False
E01000902,False
E01000903,False
E01000904,False
E01000905,False
E01000906,False
E01000907,False
E01000908,False
E01000909,False
E01000956,False
E01000910,False
E01000996,False
E01000957,False
E01000911,False
E01000997,False
E01000958,False
E01000912,False
E01000998,False
E01000959,False
E01000913,False
E01000999,False
E01000960,False
E01000914,False
E01001000,False
E01000961,False
E01000941,False
E01001049,False
E01000889,False
E01001150,False
E01001151,False
E01001152,False
E01001153,False
E01001154,False
E01001155,False
E01001156,False
E01001157,False
E01001158,False
E01001159,False
E01001160,False
E01001161,False
E01001162,False
E01001163,False
E01001164,False
E01000890,False
E01001165,False
E01001050,False
E01000891,False
E01001166,False
E01001051,False
E01000942,False
E01000943,False
E01000944,False
E01000946,False
E01000947,False
E01000948,False
E01000949,False
E01000951,False
E01000892,False
E01000952,False
E01001052,False
E01001167,False
E01001168,False
E01001169,False
E01001170,False
E01001171,False
E01001172,False
E01001173,False
E01001174,False
E01001175,False
E01001176,False
E01001177,False
E01001178,False
E01001179,False
E01001180,False
E01001181,False
E01001508,False
E01001509,False
E01001511,False
E01001512,False
E01001513,False
E01001514,False
E01001515,False
E01001516,False
E01001517,False
E01001518,False
E01001520,False
E01001521,False
E01001522,False
E01001523,False
E01001524,False
E01001525,False
E01001253,False
E01001526,False
E01001527,False
E01001304,False
E01001607,False
E01001528,False
E01001305,False
E01001608,False
E01001529,False
E01001306,False
E01001609,False
E01001530,False
E01001307,False
E01001610,False
E01001531,False
E01001308,False
E01001255,False
E01001532,False
E01001309,False
E01001613,False
E01001352,False
E01001533,False
E01001310,False
E01001457,False
E01001353,False
E01001534,False
E01001311,False
E01001614,False
E01001405,False
E01001254,False
E01001535,False
E01001312,False
E01001615,False
E01001456,False
E01001406,False
E01001611,False
E01001313,False
E01001407,False
E01001617,False
E01001536,False
E01001314,False
E01001537,False
E01001560,False
E01001618,False
E01001538,False
E01001408,False
E01001315,False
E01001562,False
E01001619,False
E01001539,False
E01001409,False
E01001316,False
E01001563,False
E01001620,False
E01001540,False
E01001410,False
E01001317,False
E01001564,False
E01001621,False
E01001541,False
E01001411,False
E01001318,False
E01001565,False
E01001623,False
E01001542,False
E01001412,False
E01001319,False
E01001566,False
E01001624,False
E01001543,False
E01001413,False
E01001320,False
E01001567,False
E01001625,False
E01001544,False
E01001414,False
E01001321,False
E01001568,False
E01001629,False
E01001545,False
E01001415,False
E01001322,False
E01001323,False
E01001324,False
E01001325,False
E01001326,False
E01001327,False
E01001328,False
E01001329,False
E01001330,False
E01001331,False
E01001332,False
E01001333,False
E01001334,False
E01001335,False
E01001336,False
E01001337,False
E01001338,False
E01001339,False
E01001340,False
E01001341,False
E01001342,False
E01001343,False
E01001344,False
E01001345,False
E01001346,False
E01001347,False
E01001348,False
E01001349,False
E01001350,False
E01001351,False
E01001416,False
E01001417,False
E01001418,False
E01001419,False
E01001420,False
E01001421,False
E01001422,False
E01001423,False
E01001424,False
E01001425,False
E01001426,False
E01001427,False
E01001428,False
E01001429,False
E01001430,False
E01001431,False
E01001432,False
E01001433,False
E01001434,False
E01001631,False
E01001435,False
E01001569,False
E01001632,False
E01001436,False
E01001546,False
E01001633,False
E01001547,False
E01001634,False
E01001548,False
E01001437,False
E01001635,False
E01001549,False
E01001438,False
E01001570,False
E01001636,False
E01001550,False
E01001439,False
E01001571,False
E01001637,False
E01001551,False
E01001440,False
E01001572,False
E01001638,False
E01001552,False
E01001441,False
E01001573,False
E01001641,False
E01001642,False
E01001644,False
E01001645,False
E01001646,False
E01001647,False
E01001648,False
E01001649,False
E01001650,False
E01001651,False
E01001652,False
E01001653,False
E01001654,False
E01001655,False
E01001656,False
E01001657,False
E01001658,False
E01001659,False
E01001660,False
E01001661,False
E01001664,False
E01001665,False
E01001666,False
E01001669,False
E01001574,False
E01001575,False
E01001576,False
E01001577,False
E01001578,False
E01001579,False
E01001580,False
E01001581,False
E01001582,False
E01001583,False
E01001584,False
E01001585,False
E01001586,False
E01001587,False
E01001588,False
E01001589,False
E01001590,False
E01001591,False
E01001592,False
E01001593,False
E01001594,False
E01001595,False
E01001596,False
E01001597,False
E01001598,False
E01001599,False
E01001600,False
E01001601,False
E01001602,False
E01001603,False
E01001604,False
E01001605,False
E01001606,False
E01001442,False
E01001553,False
E01001554,False
E01001555,False
E01001556,False
E01001557,False
E01001558,False
E01001559,False
E01001444,False
E01001445,False
E01001446,False
E01001447,False
E01001448,False
E01001449,False
E01001450,False
E01001451,False
E01001452,False
E01001453,False
E01001454,False
E01001455,False
E01001301,False
E01001302,False
E01001303,False
E01001459,False
E01001460,False
E01001461,False
E01001462,False
E01001463,False
E01001464,False
E01001465,False
E01001466,False
E01001467,False
E01001468,False
E01001469,False
E01001470,False
E01001471,False
E01001472,False
E01001473,False
E01001474,False
E01001475,False
E01001476,False
E01001477,False
E01001478,False
E01001479,False
E01001480,False
E01001481,False
E01001482,False
E01001483,False
E01001484,False
E01001485,False
E01001486,False
E01001487,False
E01001488,False
E01001489,False
E01001491,False
E01001492,False
E01001493,False
E01001494,False
E01001495,False
E01001496,False
E01001497,False
E01001498,False
E01001499,False
E01001500,False
E01001501,False
E01001502,False
E01001503,False
E01001504,False
E01001505,False
E01001507,False
E01001354,False
E01001355,False
E01001356,False
E01001357,False
E01001358,False
E01001359,False
E01001360,False
E01001361,False
E01001362,False
E01001363,False
E01001364,False
E01001365,False
E01001366,False
E01001367,False
E01001368,False
E01001369,False
E01001370,False
E01001371,False
E01001372,False
E01001373,False
E01001374,False
E01001375,False
E01001376,False
E01001377,False
E01001379,False
E01001380,False
E01001381,False
E01001382,False
E01001383,False
E01001384,False
E01001385,False
E01001386,False
E01001387,False
E01001388,False
E01001389,False
E01001390,False
E01001391,False
E01001392,False
E01001393,False
E01001394,False
E01001395,False
E01001396,False
E01001397,False
E01001398,False
E01001399,False
E01001400,False
E01001401,False
E01001402,False
E01001403,False
E01001404,False
E01001671,False
E01001672,False
E01001673,False
E01001674,False
E01001675,False
E01001458,False
E01001257,False
E01001258,False
E01001259,False
E01001260,False
E01001261,False
E01001262,False
E01001263,False
E01001264,False
E01001265,False
E01001266,False
E01001267,False
E01001268,False
E01001269,False
E01001270,False
E01001271,False
E01001272,False
E01001273,False
E01001274,False
E01001275,False
E01001276,False
E01001277,False
E01001278,False
E01001279,False
E01001280,False
E01001281,False
E01001282,False
E01001283,False
E01001284,False
E01001285,False
E01001286,False
E01001287,False
E01001288,False
E01001289,False
E01001290,False
E01001291,False
E01001292,False
E01001293,False
E01001294,False
E01001295,False
E01001296,False
E01001297,False
E01001298,False
E01001299,False
E01001300,False
E01001727,False
E01001728,False
E01001729,False
E01001730,False
E01001731,False
E01001732,False
E01001733,False
E01001737,False
E01001795,False
E01002002,False
E01002003,False
E01002004,False
E01002005,False
E01002006,False
E01002007,False
E01002008,False
E01002009,False
E01002010,False
E01002011,False
E01002013,False
E01002014,False
E01002015,False
E01002016,False
E01002017,False
E01002018,False
E01002019,False
E01002020,False
E01002021,False
E01002022,False
E01002023,False
E01002024,False
E01002025,False
E01002026,False
E01002027,False
E01002028,False
E01002029,False
E01002030,False
E01002031,False
E01002032,False
E01002033,False
E01002034,False
E01002036,False
E01002037,False
E01002038,False
E01002039,False
E01002040,False
E01002041,False
E01002042,False
E01002043,False
E01002044,False
E01002102,False
E01001847,False
E01001946,False
E01001991,False
E01002052,False
E01001898,False
E01002053,False
E01002054,False
E01002055,False
E01002056,False
E01002057,False
E01002058,False
E01002059,False
E01002060,False
E01002061,False
E01002062,False
E01002063,False
E01002064,False
E01002065,False
E01002066,False
E01002067,False
E01002068,False
E01002069,False
E01002070,False
E01002071,False
E01002072,False
E01002073,False
E01002074,False
E01002075,False
E01002076,False
E01002077,False
E01002078,False
E01002079,False
E01002081,False
E01002082,False
E01002083,False
E01002084,False
E01002085,False
E01002086,False
E01002087,False
E01002088,False
E01002089,False
E01002090,False
E01002091,False
E01002092,False
E01002093,False
E01002094,False
E01002095,False
E01002096,False
E01002097,False
E01002098,False
E01002099,False
E01002100,False
E01002101,False
E01001793,False
E01001848,False
E01001947,False
E01001992,False
E01002000,False
E01001993,False
E01001734,False
E01001994,False
E01001899,False
E01001948,False
E01001995,False
E01001849,False
E01001900,False
E01001996,False
E01001949,False
E01001794,False
E01002001,False
E01001736,False
E01001676,False
E01001677,False
E01001678,False
E01001679,False
E01001680,False
E01001681,False
E01001682,False
E01001683,False
E01001684,False
E01001997,False
E01001901,False
E01001998,False
E01001685,False
E01001850,False
E01001851,False
E01001852,False
E01001853,False
E01001854,False
E01001855,False
E01001856,False
E01001857,False
E01001858,False
E01001859,False
E01001860,False
E01001861,False
E01001862,False
E01001863,False
E01001864,False
E01001865,False
E01001866,False
E01001867,False
E01001999,False
E01001841,False
E01001868,False
E01001869,False
E01001870,False
E01001871,False
E01001872,False
E01001873,False
E01001875,False
E01001876,False
E01001877,False
E01001878,False
E01001879,False
E01001880,False
E01001881,False
E01001882,False
E01001883,False
E01001884,False
E01001686,False
E01001902,False
E01001885,False
E01001739,False
E01001842,False
E01001798,False
E01001843,False
E01001799,False
E01001844,False
E01001800,False
E01001845,False
E01001801,False
E01001846,False
E01001802,False
E01001740,False
E01001803,False
E01001741,False
E01001804,False
E01001742,False
E01001805,False
E01001744,False
E01001806,False
E01001745,False
E01001807,False
E01001746,False
E01001808,False
E01001747,False
E01001809,False
E01001749,False
E01001811,False
E01001750,False
E01001812,False
E01001751,False
E01001813,False
E01001753,False
E01001814,False
E01001755,False
E01001815,False
E01001756,False
E01001816,False
E01001757,False
E01001819,False
E01001758,False
E01001820,False
E01001759,False
E01001821,False
E01001760,False
E01001822,False
E01001761,False
E01001823,False
E01001762,False
E01001903,False
E01001824,False
E01001763,False
E01001904,False
E01001825,False
E01001764,False
E01001687,False
E01001886,False
E01001765,False
E01001887,False
E01001767,False
E01001888,False
E01001688,False
E01001905,False
E01001826,False
E01001768,False
E01001889,False
E01001690,False
E01001906,False
E01001827,False
E01001769,False
E01001890,False
E01001692,False
E01001907,False
E01001828,False
E01001891,False
E01001693,False
E01001908,False
E01001892,False
E01001829,False
E01001770,False
E01001772,False
E01001830,False
E01001773,False
E01001909,False
E01001831,False
E01001893,False
E01001774,False
E01001694,False
E01002045,False
E01001910,False
E01001832,False
E01001894,False
E01001775,False
E01001695,False
E01002046,False
E01001911,False
E01001833,False
E01001895,False
E01001776,False
E01001696,False
E01002047,False
E01001912,False
E01001834,False
E01001896,False
E01001777,False
E01001697,False
E01002048,False
E01001913,False
E01001835,False
E01001897,False
E01001780,False
E01001698,False
E01002049,False
E01001914,False
E01001836,False
E01001781,False
E01002050,False
E01001837,False
E01001783,False
E01001915,False
E01001699,False
E01001916,False
E01001917,False
E01001735,False
E01001918,False
E01001919,False
E01001920,False
E01001921,False
E01001922,False
E01001923,False
E01001924,False
E01001925,False
E01001926,False
E01001927,False
E01001928,False
E01001929,False
E01001930,False
E01001931,False
E01001932,False
E01001933,False
E01001934,False
E01001935,False
E01001937,False
E01001938,False
E01001940,False
E01001941,False
E01001942,False
E01001943,False
E01001944,False
E01001945,False
E01001838,False
E01001700,False
E01002051,False
E01001784,False
E01001785,False
E01001786,False
E01001787,False
E01001788,False
E01001789,False
E01001790,False
E01001791,False
E01001792,False
E01001701,False
E01001702,False
E01001703,False
E01001704,False
E01001705,False
E01001708,False
E01001710,False
E01001712,False
E01001714,False
E01001715,False
E01001716,False
E01001717,False
E01001718,False
E01001719,False
E01001720,False
E01001722,False
E01001723,False
E01001724,False
E01001725,False
E01001726,False
E01001796,False
E01001738,False
E01001950,False
E01001951,False
E01001952,False
E01001953,False
E01001954,False
E01001955,False
E01001956,False
E01001957,False
E01001958,False
E01001959,False
E01001960,False
E01001961,False
E01001962,False
E01001963,False
E01001964,False
E01001965,False
E01001966,False
E01001967,False
E01001968,False
E01001969,False
E01001970,False
E01001971,False
E01001972,False
E01001973,False
E01001974,False
E01001975,False
E01001976,False
E01001977,False
E01001978,False
E01001979,False
E01001980,False
E01001981,False
E01001982,False
E01001983,False
E01001984,False
E01001985,False
E01001986,False
E01001987,False
E01001988,False
E01001989,False
E01001990,False
E01001839,False
E01001840,False
E01002396,False
E01002397,False
E01002398,False
E01002399,False
E01002400,False
E01002401,False
E01002402,False
E01002403,False
E01002156,False
E01002404,False
E01002405,False
E01002408,False
E01002409,False
E01002410,False
E01002411,False
E01002412,False
E01002413,False
E01002129,False
E01002130,False
E01002131,False
E01002132,False
E01002133,False
E01002134,False
E01002135,False
E01002136,False
E01002137,False
E01002138,False
E01002139,False
E01002140,False
E01002141,False
E01002142,False
E01002143,False
E01002144,False
E01002145,False
E01002146,False
E01002147,False
E01002148,False
E01002149,False
E01002150,False
E01002151,False
E01002152,False
E01002153,False
E01002155,False
E01002487,False
E01002215,False
E01002324,False
E01002488,False
E01002489,False
E01002490,False
E01002491,False
E01002492,False
E01002477,False
E01002311,False
E01002260,False
E01002493,False
E01002264,False
E01002265,False
E01002266,False
E01002267,False
E01002268,False
E01002269,False
E01002270,False
E01002271,False
E01002272,False
E01002273,False
E01002274,False
E01002275,False
E01002276,False
E01002277,False
E01002278,False
E01002279,False
E01002280,False
E01002281,False
E01002282,False
E01002283,False
E01002284,False
E01002285,False
E01002286,False
E01002287,False
E01002288,False
E01002289,False
E01002290,False
E01002291,False
E01002292,False
E01002294,False
E01002295,False
E01002296,False
E01002297,False
E01002298,False
E01002299,False
E01002300,False
E01002301,False
E01002302,False
E01002303,False
E01002304,False
E01002305,False
E01002306,False
E01002307,False
E01002308,False
E01002309,False
E01002310,False
E01002473,False
E01002474,False
E01002475,False
E01002476,False
E01002461,False
E01002157,False
E01002478,False
E01002464,False
E01002494,False
E01002495,False
E01002496,False
E01002497,False
E01002498,False
E01002499,False
E01002501,False
E01002502,False
E01002503,False
E01002505,False
E01002506,False
E01002325,False
E01002507,False
E01002326,False
E01002216,False
E01002508,False
E01002327,False
E01002217,False
E01002509,False
E01002328,False
E01002329,False
E01002330,False
E01002331,False
E01002332,False
E01002333,False
E01002334,False
E01002335,False
E01002336,False
E01002337,False
E01002338,False
E01002339,False
E01002340,False
E01002341,False
E01002342,False
E01002343,False
E01002344,False
E01002345,False
E01002346,False
E01002347,False
E01002348,False
E01002349,False
E01002350,False
E01002351,False
E01002352,False
E01002353,False
E01002354,False
E01002355,False
E01002356,False
E01002358,False
E01002362,False
E01002479,False
E01002158,False
E01002159,False
E01002160,False
E01002161,False
E01002162,False
E01002163,False
E01002164,False
E01002165,False
E01002166,False
E01002167,False
E01002168,False
E01002169,False
E01002170,False
E01002171,False
E01002172,False
E01002173,False
E01002174,False
E01002175,False
E01002176,False
E01002177,False
E01002178,False
E01002179,False
E01002181,False
E01002462,False
E01002182,False
E01002183,False
E01002184,False
E01002185,False
E01002186,False
E01002187,False
E01002188,False
E01002189,False
E01002190,False
E01002191,False
E01002192,False
E01002193,False
E01002194,False
E01002195,False
E01002196,False
E01002197,False
E01002198,False
E01002199,False
E01002200,False
E01002201,False
E01002202,False
E01002203,False
E01002204,False
E01002206,False
E01002207,False
E01002414,False
E01002316,False
E01002415,False
E01002416,False
E01002417,False
E01002418,False
E01002419,False
E01002420,False
E01002421,False
E01002422,False
E01002423,False
E01002424,False
E01002425,False
E01002426,False
E01002427,False
E01002428,False
E01002429,False
E01002430,False
E01002431,False
E01002432,False
E01002433,False
E01002434,False
E01002435,False
E01002463,False
E01002480,False
E01002103,False
E01002317,False
E01002208,False
E01002481,False
E01002312,False
E01002318,False
E01002465,False
E01002482,False
E01002363,False
E01002319,False
E01002104,False
E01002483,False
E01002105,False
E01002320,False
E01002106,False
E01002484,False
E01002107,False
E01002321,False
E01002108,False
E01002368,False
E01002109,False
E01002212,False
E01002436,False
E01002110,False
E01002485,False
E01002437,False
E01002111,False
E01002322,False
E01002438,False
E01002112,False
E01002127,False
E01002439,False
E01002113,False
E01002440,False
E01002369,False
E01002114,False
E01002441,False
E01002486,False
E01002115,False
E01002442,False
E01002214,False
E01002116,False
E01002443,False
E01002323,False
E01002118,False
E01002444,False
E01002128,False
E01002119,False
E01002445,False
E01002370,False
E01002120,False
E01002446,False
E01002371,False
E01002364,False
E01002447,False
E01002372,False
E01002121,False
E01002448,False
E01002373,False
E01002466,False
E01002449,False
E01002374,False
E01002467,False
E01002450,False
E01002375,False
E01002468,False
E01002451,False
E01002376,False
E01002469,False
E01002452,False
E01002377,False
E01002209,False
E01002453,False
E01002378,False
E01002470,False
E01002454,False
E01002379,False
E01002380,False
E01002381,False
E01002382,False
E01002383,False
E01002384,False
E01002385,False
E01002386,False
E01002387,False
E01002388,False
E01002389,False
E01002390,False
E01002391,False
E01002392,False
E01002393,False
E01002394,False
E01002395,False
E01002359,False
E01002360,False
E01002361,False
E01002511,False
E01002512,False
E01002513,False
E01002514,False
E01002516,False
E01002518,False
E01002218,False
E01002219,False
E01002220,False
E01002221,False
E01002222,False
E01002223,False
E01002224,False
E01002225,False
E01002226,False
E01002227,False
E01002228,False
E01002455,False
E01002229,False
E01002313,False
E01002456,False
E01002230,False
E01002122,False
E01002457,False
E01002231,False
E01002261,False
E01002458,False
E01002232,False
E01002365,False
E01002459,False
E01002123,False
E01002233,False
E01002460,False
E01002234,False
E01002262,False
E01002235,False
E01002314,False
E01002236,False
E01002366,False
E01002237,False
E01002471,False
E01002238,False
E01002210,False
E01002239,False
E01002124,False
E01002240,False
E01002263,False
E01002241,False
E01002315,False
E01002242,False
E01002367,False
E01002243,False
E01002472,False
E01002244,False
E01002211,False
E01002245,False
E01002125,False
E01002246,False
E01002247,False
E01002248,False
E01002250,False
E01002251,False
E01002252,False
E01002253,False
E01002254,False
E01002255,False
E01002256,False
E01002257,False
E01002258,False
E01002259,False
E01002729,False
E01002730,False
E01002732,False
E01002733,False
E01002734,False
E01002735,False
E01002737,False
E01002627,False
E01002576,False
E01002520,False
E01002790,False
E01002521,False
E01002577,False
E01002628,False
E01002738,False
E01002894,False
E01002896,False
E01002897,False
E01002898,False
E01002899,False
E01002900,False
E01002901,False
E01002902,False
E01002903,False
E01002904,False
E01002905,False
E01002906,False
E01002907,False
E01002908,False
E01002578,False
E01002909,False
E01002523,False
E01002739,False
E01002629,False
E01002579,False
E01002791,False
E01002910,False
E01002525,False
E01002580,False
E01002526,False
E01002911,False
E01002792,False
E01002630,False
E01002740,False
E01002793,False
E01002741,False
E01002794,False
E01002742,False
E01002631,False
E01002795,False
E01002650,False
E01002527,False
E01002743,False
E01002581,False
E01002632,False
E01002912,False
E01002796,False
E01002528,False
E01002744,False
E01002582,False
E01002583,False
E01002584,False
E01002585,False
E01002586,False
E01002587,False
E01002588,False
E01002589,False
E01002590,False
E01002591,False
E01002592,False
E01002593,False
E01002594,False
E01002595,False
E01002596,False
E01002598,False
E01002599,False
E01002600,False
E01002601,False
E01002602,False
E01002603,False
E01002604,False
E01002605,False
E01002606,False
E01002607,False
E01002608,False
E01002609,False
E01002610,False
E01002611,False
E01002612,False
E01002613,False
E01002614,False
E01002615,False
E01002616,False
E01002617,False
E01002618,False
E01002619,False
E01002620,False
E01002621,False
E01002622,False
E01002623,False
E01002624,False
E01002625,False
E01002651,False
E01002530,False
E01002531,False
E01002914,False
E01002533,False
E01002915,False
E01002534,False
E01002916,False
E01002652,False
E01002535,False
E01002917,False
E01002653,False
E01002536,False
E01002918,False
E01002654,False
E01002537,False
E01002919,False
E01002655,False
E01002538,False
E01002920,False
E01002656,False
E01002539,False
E01002921,False
E01002657,False
E01002540,False
E01002922,False
E01002658,False
E01002541,False
E01002923,False
E01002659,False
E01002660,False
E01002542,False
E01002661,False
E01002924,False
E01002925,False
E01002926,False
E01002543,False
E01002927,False
E01002662,False
E01002544,False
E01002928,False
E01002663,False
E01002545,False
E01002929,False
E01002665,False
E01002546,False
E01002930,False
E01002666,False
E01002547,False
E01002745,False
E01002747,False
E01002748,False
E01002749,False
E01002751,False
E01002752,False
E01002753,False
E01002754,False
E01002755,False
E01002756,False
E01002757,False
E01002758,False
E01002759,False
E01002760,False
E01002762,False
E01002763,False
E01002764,False
E01002765,False
E01002766,False
E01002767,False
E01002768,False
E01002769,False
E01002770,False
E01002771,False
E01002772,False
E01002773,False
E01002774,False
E01002775,False
E01002776,False
E01002777,False
E01002778,False
E01002779,False
E01002780,False
E01002781,False
E01002782,False
E01002783,False
E01002784,False
E01002785,False
E01002786,False
E01002787,False
E01002788,False
E01002797,False
E01002798,False
E01002799,False
E01002800,False
E01002801,False
E01002802,False
E01002804,False
E01002805,False
E01002931,False
E01002843,False
E01002891,False
E01002806,False
E01002892,False
E01002626,False
E01002736,False
E01002789,False
E01002893,False
E01002575,False
E01002681,False
E01002682,False
E01002686,False
E01002687,False
E01002689,False
E01002690,False
E01002691,False
E01002692,False
E01002693,False
E01002694,False
E01002695,False
E01002696,False
E01002633,False
E01002697,False
E01002667,False
E01002913,False
E01002698,False
E01002548,False
E01002699,False
E01002529,False
E01002844,False
E01002845,False
E01002846,False
E01002847,False
E01002848,False
E01002849,False
E01002850,False
E01002851,False
E01002852,False
E01002680,False
E01002853,False
E01002854,False
E01002855,False
E01002856,False
E01002857,False
E01002858,False
E01002859,False
E01002860,False
E01002861,False
E01002862,False
E01002863,False
E01002864,False
E01002865,False
E01002866,False
E01002867,False
E01002868,False
E01002869,False
E01002870,False
E01002871,False
E01002872,False
E01002873,False
E01002874,False
E01002875,False
E01002876,False
E01002877,False
E01002878,False
E01002879,False
E01002880,False
E01002881,False
E01002882,False
E01002883,False
E01002884,False
E01002519,False
E01002885,False
E01002700,False
E01002932,False
E01002807,False
E01002886,False
E01002887,False
E01002888,False
E01002889,False
E01002890,False
E01002668,False
E01002549,False
E01002933,False
E01002669,False
E01002550,False
E01002934,False
E01002670,False
E01002551,False
E01002935,False
E01002671,False
E01002552,False
E01002937,False
E01002672,False
E01002553,False
E01002938,False
E01002673,False
E01002808,False
E01002555,False
E01002809,False
E01002939,False
E01002810,False
E01002940,False
E01002811,False
E01002941,False
E01002812,False
E01002942,False
E01002813,False
E01002943,False
E01002814,False
E01002944,False
E01002701,False
E01002815,False
E01002556,False
E01002557,False
E01002558,False
E01002559,False
E01002560,False
E01002561,False
E01002562,False
E01002563,False
E01002564,False
E01002565,False
E01002567,False
E01002569,False
E01002570,False
E01002571,False
E01002572,False
E01002573,False
E01002674,False
E01002574,False
E01002675,False
E01002676,False
E01002677,False
E01002678,False
E01002679,False
E01002816,False
E01002817,False
E01002818,False
E01002819,False
E01002821,False
E01002823,False
E01002824,False
E01002825,False
E01002826,False
E01002827,False
E01002828,False
E01002829,False
E01002830,False
E01002831,False
E01002832,False
E01002833,False
E01002702,False
E01002834,False
E01002703,False
E01002835,False
E01002704,False
E01002836,False
E01002706,False
E01002837,False
E01002707,False
E01002839,False
E01002708,False
E01002840,False
E01002709,False
E01002841,False
E01002710,False
E01002842,False
E01002711,False
E01002634,False
E01002712,False
E01002635,False
E01002713,False
E01002636,False
E01002714,False
E01002637,False
E01002715,False
E01002638,False
E01002716,False
E01002639,False
E01002717,False
E01002640,False
E01002718,False
E01002641,False
E01002719,False
E01002643,False
E01002720,False
E01002645,False
E01002721,False
E01002646,False
E01002722,False
E01002647,False
E01002723,False
E01002649,False
E01002724,False
E01002725,False
E01002726,False
E01002727,False
E01002728,False
E01003004,False
E01003005,False
E01003006,False
E01003007,False
E01003008,False
E01003009,False
E01003010,False
E01003011,False
E01003013,False
E01003014,False
E01003015,False
E01003016,False
E01003017,False
E01003018,False
E01003019,False
E01003020,False
E01003021,False
E01003022,False
E01003023,False
E01003024,False
E01003025,False
E01003026,False
E01003027,False
E01003028,False
E01003029,False
E01003030,False
E01003031,False
E01003032,False
E01003033,False
E01003034,False
E01003035,False
E01003036,False
E01003037,False
E01003038,False
E01003039,False
E01003040,False
E01003041,False
E01003042,False
E01003043,False
E01003217,False
E01003044,False
E01003045,False
E01003256,False
E01003257,False
E01003258,False
E01003259,False
E01003260,False
E01003261,False
E01003262,False
E01003263,False
E01003264,False
E01002994,False
E01002945,False
E01003144,False
E01003334,False
E01003335,False
E01003336,False
E01003337,False
E01003338,False
E01003339,False
E01003340,False
E01003341,False
E01003342,False
E01003343,False
E01003344,False
E01003345,False
E01003346,False
E01003347,False
E01003348,False
E01003349,False
E01003350,False
E01003351,False
E01003352,False
E01003353,False
E01003354,False
E01003355,False
E01003145,False
E01003356,False
E01002946,False
E01003146,False
E01003155,False
E01002947,False
E01003156,False
E01002995,False
E01003218,False
E01003265,False
E01003147,False
E01003124,False
E01002948,False
E01003305,False
E01003060,False
E01003219,False
E01003266,False
E01003164,False
E01003220,False
E01003267,False
E01003061,False
E01003096,False
E01002949,False
E01003059,False
E01003279,False
E01003062,False
E01003280,False
E01002950,False
E01003063,False
E01003281,False
E01003268,False
E01003165,False
E01002951,False
E01003252,False
E01003064,False
E01003282,False
E01003221,False
E01003269,False
E01003084,False
E01003166,False
E01003085,False
E01003167,False
E01003086,False
E01003168,False
E01003087,False
E01003169,False
E01003088,False
E01003170,False
E01003089,False
E01003171,False
E01003090,False
E01003172,False
E01003091,False
E01003173,False
E01003092,False
E01003174,False
E01003093,False
E01003175,False
E01003094,False
E01003176,False
E01003095,False
E01003177,False
E01003178,False
E01003179,False
E01003180,False
E01003181,False
E01003182,False
E01003183,False
E01003184,False
E01003185,False
E01003186,False
E01003187,False
E01003188,False
E01003189,False
E01003190,False
E01003191,False
E01003192,False
E01003193,False
E01003194,False
E01003195,False
E01003196,False
E01003197,False
E01003222,False
E01003223,False
E01003224,False
E01003225,False
E01003226,False
E01003227,False
E01003228,False
E01003229,False
E01003230,False
E01003231,False
E01003232,False
E01003065,False
E01002952,False
E01003066,False
E01003067,False
E01002953,False
E01003068,False
E01002954,False
E01003069,False
E01003046,False
E01003270,False
E01003070,False
E01003198,False
E01002955,False
E01003283,False
E01003271,False
E01003071,False
E01003148,False
E01002956,False
E01003284,False
E01003233,False
E01003272,False
E01003072,False
E01003097,False
E01002957,False
E01003285,False
E01003235,False
E01003273,False
E01003073,False
E01003098,False
E01002958,False
E01003286,False
E01003236,False
E01003311,False
E01003074,False
E01003099,False
E01002959,False
E01003287,False
E01003237,False
E01003274,False
E01003075,False
E01003100,False
E01002960,False
E01003288,False
E01003238,False
E01003239,False
E01003240,False
E01003241,False
E01003243,False
E01003244,False
E01003245,False
E01003246,False
E01003247,False
E01003248,False
E01003249,False
E01003251,False
E01003315,False
E01003316,False
E01003076,False
E01003117,False
E01003157,False
E01003318,False
E01003290,False
E01002961,False
E01003101,False
E01003077,False
E01003102,False
E01002962,False
E01003126,False
E01003104,False
E01003050,False
E01002963,False
E01003158,False
E01003105,False
E01003051,False
E01002964,False
E01003078,False
E01003106,False
E01003291,False
E01003052,False
E01002965,False
E01003319,False
E01003127,False
E01003107,False
E01003292,False
E01003053,False
E01002966,False
E01003320,False
E01003159,False
E01003108,False
E01003293,False
E01003295,False
E01003297,False
E01003298,False
E01003299,False
E01003300,False
E01003301,False
E01003302,False
E01003303,False
E01003304,False
E01003125,False
E01003079,False
E01003128,False
E01003160,False
E01003080,False
E01003129,False
E01003161,False
E01003081,False
E01003130,False
E01003162,False
E01003082,False
E01003131,False
E01003163,False
E01003083,False
E01003132,False
E01003133,False
E01003134,False
E01003135,False
E01003136,False
E01003137,False
E01002967,False
E01003138,False
E01002968,False
E01003139,False
E01002969,False
E01003054,False
E01003321,False
E01003110,False
E01003140,False
E01002970,False
E01003055,False
E01003322,False
E01003111,False
E01003141,False
E01002971,False
E01003118,False
E01003323,False
E01003142,False
E01003275,False
E01003143,False
E01003324,False
E01002972,False
E01003112,False
E01003149,False
E01002973,False
E01003113,False
E01002974,False
E01003307,False
E01002975,False
E01003150,False
E01002976,False
E01003047,False
E01002977,False
E01003199,False
E01002978,False
E01003114,False
E01002979,False
E01003253,False
E01002980,False
E01003308,False
E01002981,False
E01002996,False
E01002982,False
E01003151,False
E01002983,False
E01003048,False
E01002984,False
E01003200,False
E01002985,False
E01003115,False
E01002986,False
E01003254,False
E01002987,False
E01003309,False
E01002988,False
E01002997,False
E01003152,False
E01003049,False
E01003201,False
E01003116,False
E01003255,False
E01003310,False
E01002998,False
E01002999,False
E01003000,False
E01003001,False
E01003002,False
E01003003,False
E01003312,False
E01003325,False
E01003153,False
E01003119,False
E01003276,False
E01003056,False
E01003120,False
E01003202,False
E01003121,False
E01003203,False
E01003277,False
E01003122,False
E01003057,False
E01003313,False
E01003204,False
E01003278,False
E01003154,False
E01003123,False
E01003058,False
E01003314,False
E01003205,False
E01003206,False
E01003207,False
E01003326,False
E01002989,False
E01003209,False
E01003327,False
E01002990,False
E01003210,False
E01003328,False
E01002991,False
E01003211,False
E01003329,False
E01003212,False
E01003330,False
E01002992,False
E01002993,False
E01003213,False
E01003331,False
E01003214,False
E01003332,False
E01003215,False
E01003333,False
E01003216,False
E01003696,False
E01003697,False
E01003698,False
E01003699,False
E01003700,False
E01003701,False
E01003702,False
E01003703,False
E01003704,False
E01003705,False
E01003706,False
E01003707,False
E01003708,False
E01003709,False
E01003710,False
E01003711,False
E01003712,False
E01003713,False
E01003714,False
E01003715,False
E01003611,False
E01003716,False
E01003718,False
E01003615,False
E01003757,False
E01003719,False
E01003357,False
E01003616,False
E01003759,False
E01003631,False
E01003424,False
E01003720,False
E01003358,False
E01003618,False
E01003458,False
E01003760,False
E01003632,False
E01003425,False
E01003500,False
E01003721,False
E01003722,False
E01003723,False
E01003724,False
E01003737,False
E01003523,False
E01003466,False
E01003738,False
E01003739,False
E01003740,False
E01003741,False
E01003742,False
E01003743,False
E01003744,False
E01003745,False
E01003746,False
E01003747,False
E01003748,False
E01003749,False
E01003750,False
E01003751,False
E01003752,False
E01003753,False
E01003754,False
E01003755,False
E01003756,False
E01003426,False
E01003427,False
E01003428,False
E01003429,False
E01003430,False
E01003431,False
E01003432,False
E01003433,False
E01003434,False
E01003435,False
E01003436,False
E01003437,False
E01003438,False
E01003439,False
E01003440,False
E01003441,False
E01003442,False
E01003443,False
E01003444,False
E01003359,False
E01003445,False
E01003360,False
E01003633,False
E01003619,False
E01003673,False
E01003501,False
E01003621,False
E01003725,False
E01003634,False
E01003761,False
E01003446,False
E01003361,False
E01003447,False
E01003362,False
E01003448,False
E01003363,False
E01003449,False
E01003364,False
E01003365,False
E01003450,False
E01003366,False
E01003451,False
E01003368,False
E01003452,False
E01003369,False
E01003453,False
E01003370,False
E01003454,False
E01003371,False
E01003455,False
E01003372,False
E01003456,False
E01003373,False
E01003374,False
E01003375,False
E01003376,False
E01003377,False
E01003378,False
E01003379,False
E01003380,False
E01003381,False
E01003382,False
E01003383,False
E01003384,False
E01003385,False
E01003386,False
E01003387,False
E01003388,False
E01003389,False
E01003390,False
E01003391,False
E01003392,False
E01003393,False
E01003394,False
E01003395,False
E01003396,False
E01003397,False
E01003398,False
E01003399,False
E01003400,False
E01003401,False
E01003402,False
E01003403,False
E01003404,False
E01003405,False
E01003406,False
E01003407,False
E01003762,False
E01003635,False
E01003459,False
E01003502,False
E01003408,False
E01003763,False
E01003764,False
E01003765,False
E01003766,False
E01003767,False
E01003768,False
E01003769,False
E01003770,False
E01003771,False
E01003772,False
E01003773,False
E01003774,False
E01003775,False
E01003776,False
E01003524,False
E01003564,False
E01003514,False
E01003622,False
E01003565,False
E01003566,False
E01003567,False
E01003568,False
E01003569,False
E01003570,False
E01003571,False
E01003457,False
E01003572,False
E01003522,False
E01003573,False
E01003736,False
E01003574,False
E01003682,False
E01003575,False
E01003465,False
E01003576,False
E01003683,False
E01003577,False
E01003684,False
E01003578,False
E01003685,False
E01003579,False
E01003686,False
E01003580,False
E01003688,False
E01003581,False
E01003689,False
E01003582,False
E01003690,False
E01003726,False
E01003583,False
E01003636,False
E01003467,False
E01003503,False
E01003506,False
E01003507,False
E01003508,False
E01003509,False
E01003511,False
E01003512,False
E01003513,False
E01003525,False
E01003526,False
E01003527,False
E01003528,False
E01003529,False
E01003530,False
E01003531,False
E01003532,False
E01003533,False
E01003534,False
E01003535,False
E01003536,False
E01003537,False
E01003538,False
E01003539,False
E01003540,False
E01003541,False
E01003542,False
E01003543,False
E01003544,False
E01003545,False
E01003546,False
E01003547,False
E01003548,False
E01003549,False
E01003550,False
E01003551,False
E01003552,False
E01003553,False
E01003554,False
E01003555,False
E01003556,False
E01003557,False
E01003558,False
E01003559,False
E01003560,False
E01003561,False
E01003562,False
E01003563,False
E01003468,False
E01003637,False
E01003409,False
E01003691,False
E01003584,False
E01003469,False
E01003470,False
E01003471,False
E01003472,False
E01003473,False
E01003474,False
E01003476,False
E01003477,False
E01003478,False
E01003479,False
E01003480,False
E01003481,False
E01003483,False
E01003484,False
E01003485,False
E01003486,False
E01003487,False
E01003488,False
E01003489,False
E01003490,False
E01003491,False
E01003585,False
E01003692,False
E01003586,False
E01003693,False
E01003587,False
E01003694,False
E01003460,False
E01003588,False
E01003695,False
E01003727,False
E01003638,False
E01003589,False
E01003623,False
E01003639,False
E01003590,False
E01003492,False
E01003515,False
E01003640,False
E01003591,False
E01003494,False
E01003674,False
E01003641,False
E01003592,False
E01003495,False
E01003729,False
E01003642,False
E01003593,False
E01003496,False
E01003675,False
E01003643,False
E01003594,False
E01003497,False
E01003730,False
E01003644,False
E01003595,False
E01003498,False
E01003676,False
E01003645,False
E01003596,False
E01003499,False
E01003516,False
E01003646,False
E01003597,False
E01003731,False
E01003647,False
E01003598,False
E01003410,False
E01003648,False
E01003599,False
E01003677,False
E01003649,False
E01003600,False
E01003650,False
E01003517,False
E01003624,False
E01003461,False
E01003601,False
E01003732,False
E01003651,False
E01003602,False
E01003411,False
E01003652,False
E01003603,False
E01003678,False
E01003653,False
E01003604,False
E01003518,False
E01003654,False
E01003605,False
E01003625,False
E01003655,False
E01003607,False
E01003462,False
E01003656,False
E01003608,False
E01003733,False
E01003657,False
E01003412,False
E01003658,False
E01003679,False
E01003659,False
E01003519,False
E01003660,False
E01003626,False
E01003661,False
E01003463,False
E01003662,False
E01003734,False
E01003663,False
E01003413,False
E01003664,False
E01003680,False
E01003665,False
E01003520,False
E01003666,False
E01003627,False
E01003668,False
E01003464,False
E01003735,False
E01003414,False
E01003681,False
E01003521,False
E01003628,False
E01003629,False
E01003630,False
E01003669,False
E01003670,False
E01003671,False
E01003672,False
E01003415,False
E01003416,False
E01003417,False
E01003418,False
E01003419,False
E01003420,False
E01003421,False
E01003422,False
E01003423,False
E01004145,False
E01004146,False
E01004147,False
E01004148,False
E01004149,False
E01004150,False
E01003994,False
E01003932,False
E01004152,False
E01004050,False
E01003778,False
E01003879,False
E01003880,False
E01003881,False
E01003882,False
E01003883,False
E01003884,False
E01003885,False
E01003886,False
E01003887,False
E01003888,False
E01003889,False
E01003890,False
E01003891,False
E01003892,False
E01003893,False
E01003894,False
E01003895,False
E01003896,False
E01003897,False
E01003898,False
E01003899,False
E01003900,False
E01003901,False
E01003902,False
E01003903,False
E01003904,False
E01003905,False
E01003906,False
E01003907,False
E01003908,False
E01003909,False
E01003910,False
E01003911,False
E01003912,False
E01003913,False
E01003914,False
E01003915,False
E01003916,False
E01003917,False
E01003827,False
E01003981,False
E01004151,False
E01004087,False
E01004088,False
E01004089,False
E01004090,False
E01004091,False
E01004092,False
E01004093,False
E01004094,False
E01004095,False
E01004096,False
E01004097,False
E01003918,False
E01004043,False
E01004098,False
E01003997,False
E01003934,False
E01004154,False
E01003780,False
E01003781,False
E01003782,False
E01003783,False
E01003784,False
E01003785,False
E01003786,False
E01003787,False
E01003788,False
E01003789,False
E01003790,False
E01003791,False
E01003792,False
E01003793,False
E01003794,False
E01003795,False
E01003796,False
E01003797,False
E01003798,False
E01003799,False
E01003800,False
E01003801,False
E01003802,False
E01003803,False
E01003804,False
E01003805,False
E01003806,False
E01003807,False
E01003808,False
E01003809,False
E01003810,False
E01003811,False
E01003812,False
E01003813,False
E01003814,False
E01003815,False
E01003930,False
E01003983,False
E01003828,False
E01003816,False
E01003817,False
E01003818,False
E01003819,False
E01003820,False
E01003821,False
E01003822,False
E01003823,False
E01003824,False
E01003825,False
E01003826,False
E01004155,False
E01003998,False
E01003935,False
E01003936,False
E01003937,False
E01003938,False
E01003939,False
E01003940,False
E01003941,False
E01003942,False
E01003943,False
E01003945,False
E01003946,False
E01003947,False
E01003948,False
E01003949,False
E01003950,False
E01003951,False
E01003952,False
E01003953,False
E01003954,False
E01003955,False
E01003956,False
E01003957,False
E01003958,False
E01003960,False
E01003961,False
E01003963,False
E01003966,False
E01003969,False
E01003971,False
E01003972,False
E01003973,False
E01003975,False
E01003976,False
E01003977,False
E01003979,False
E01003980,False
E01004044,False
E01003919,False
E01003829,False
E01004045,False
E01003830,False
E01004046,False
E01003831,False
E01004047,False
E01003832,False
E01004048,False
E01003984,False
E01003833,False
E01003993,False
E01004157,False
E01003920,False
E01003986,False
E01003834,False
E01003878,False
E01004158,False
E01003921,False
E01003987,False
E01003835,False
E01003777,False
E01004159,False
E01003922,False
E01003988,False
E01003836,False
E01004049,False
E01004160,False
E01003923,False
E01003989,False
E01003837,False
E01004099,False
E01004161,False
E01003924,False
E01003990,False
E01003838,False
E01004100,False
E01004162,False
E01003925,False
E01003991,False
E01003992,False
E01004156,False
E01003999,False
E01004000,False
E01004001,False
E01004002,False
E01004003,False
E01004004,False
E01004005,False
E01004006,False
E01004007,False
E01004008,False
E01004010,False
E01004011,False
E01004012,False
E01004013,False
E01004014,False
E01004015,False
E01004016,False
E01004017,False
E01004018,False
E01004019,False
E01004020,False
E01004021,False
E01004023,False
E01004024,False
E01004028,False
E01004029,False
E01004030,False
E01004031,False
E01004032,False
E01004033,False
E01004034,False
E01004035,False
E01004036,False
E01004037,False
E01004038,False
E01004039,False
E01004040,False
E01004041,False
E01004042,False
E01003926,False
E01003929,False
E01004153,False
E01003933,False
E01003995,False
E01003779,False
E01004051,False
E01004052,False
E01004053,False
E01004054,False
E01004055,False
E01004056,False
E01004057,False
E01004058,False
E01004059,False
E01004060,False
E01004061,False
E01004062,False
E01004063,False
E01004064,False
E01004065,False
E01004066,False
E01004067,False
E01004068,False
E01004069,False
E01004070,False
E01004071,False
E01004072,False
E01004073,False
E01004074,False
E01004075,False
E01004076,False
E01004077,False
E01004078,False
E01004079,False
E01004080,False
E01004081,False
E01004082,False
E01004083,False
E01004084,False
E01004085,False
E01004086,False
E01004101,False
E01004163,False
E01003839,False
E01003840,False
E01004164,False
E01003841,False
E01004102,False
E01004165,False
E01003842,False
E01004103,False
E01004166,False
E01003843,False
E01004104,False
E01004167,False
E01004105,False
E01003844,False
E01004168,False
E01004106,False
E01003845,False
E01004169,False
E01004107,False
E01003846,False
E01004170,False
E01004108,False
E01003847,False
E01004171,False
E01004109,False
E01003848,False
E01004172,False
E01004110,False
E01003849,False
E01004173,False
E01004111,False
E01003851,False
E01004174,False
E01004112,False
E01003852,False
E01004175,False
E01004114,False
E01003853,False
E01004176,False
E01004115,False
E01003854,False
E01004177,False
E01004116,False
E01003855,False
E01004178,False
E01004117,False
E01003856,False
E01004179,False
E01004118,False
E01003857,False
E01004180,False
E01004119,False
E01003858,False
E01004181,False
E01003859,False
E01004120,False
E01004182,False
E01004121,False
E01004183,False
E01004122,False
E01003860,False
E01004184,False
E01004123,False
E01003861,False
E01004185,False
E01004124,False
E01003862,False
E01004186,False
E01004125,False
E01003863,False
E01004187,False
E01004126,False
E01003864,False
E01004189,False
E01004127,False
E01003865,False
E01004190,False
E01004128,False
E01003866,False
E01004191,False
E01004129,False
E01003867,False
E01004192,False
E01004130,False
E01003868,False
E01004193,False
E01004131,False
E01003869,False
E01004194,False
E01004132,False
E01003870,False
E01004195,False
E01004133,False
E01003871,False
E01004196,False
E01004134,False
E01003872,False
E01004198,False
E01003873,False
E01004135,False
E01004199,False
E01004136,False
E01003874,False
E01004200,False
E01004137,False
E01003875,False
E01004201,False
E01004138,False
E01003876,False
E01004202,False
E01004139,False
E01003877,False
E01004140,False
E01004141,False
E01004143,False
E01004144,False
E01004228,False
E01004416,False
E01004454,False
E01004572,False
E01004229,False
E01004417,False
E01004455,False
E01004573,False
E01004230,False
E01004418,False
E01004419,False
E01004420,False
E01004421,False
E01004422,False
E01004423,False
E01004424,False
E01004425,False
E01004426,False
E01004427,False
E01004334,False
E01004428,False
E01004429,False
E01004430,False
E01004432,False
E01004434,False
E01004435,False
E01004574,False
E01004231,False
E01004575,False
E01004232,False
E01004576,False
E01004233,False
E01004577,False
E01004234,False
E01004579,False
E01004235,False
E01004580,False
E01004236,False
E01004581,False
E01004237,False
E01004582,False
E01004239,False
E01004583,False
E01004240,False
E01004584,False
E01004241,False
E01004585,False
E01004243,False
E01004586,False
E01004244,False
E01004587,False
E01004494,False
E01004592,False
E01004280,False
E01004362,False
E01004543,False
E01004440,False
E01004388,False
E01004205,False
E01004544,False
E01004206,False
E01004545,False
E01004389,False
E01004207,False
E01004441,False
E01004546,False
E01004363,False
E01004593,False
E01004390,False
E01004281,False
E01004208,False
E01004442,False
E01004547,False
E01004364,False
E01004594,False
E01004391,False
E01004283,False
E01004209,False
E01004443,False
E01004548,False
E01004365,False
E01004595,False
E01004392,False
E01004286,False
E01004211,False
E01004444,False
E01004549,False
E01004366,False
E01004596,False
E01004597,False
E01004598,False
E01004599,False
E01004601,False
E01004602,False
E01004604,False
E01004605,False
E01004606,False
E01004607,False
E01004608,False
E01004609,False
E01004610,False
E01004611,False
E01004322,False
E01004612,False
E01004288,False
E01004588,False
E01004495,False
E01004335,False
E01004589,False
E01004590,False
E01004456,False
E01004457,False
E01004458,False
E01004459,False
E01004460,False
E01004462,False
E01004463,False
E01004464,False
E01004465,False
E01004466,False
E01004467,False
E01004468,False
E01004469,False
E01004470,False
E01004471,False
E01004472,False
E01004473,False
E01004474,False
E01004475,False
E01004476,False
E01004477,False
E01004478,False
E01004479,False
E01004480,False
E01004481,False
E01004482,False
E01004483,False
E01004484,False
E01004485,False
E01004486,False
E01004245,False
E01004247,False
E01004248,False
E01004249,False
E01004251,False
E01004255,False
E01004256,False
E01004257,False
E01004258,False
E01004259,False
E01004260,False
E01004496,False
E01004323,False
E01004216,False
E01004613,False
E01004336,False
E01004263,False
E01004264,False
E01004266,False
E01004267,False
E01004268,False
E01004270,False
E01004337,False
E01004338,False
E01004339,False
E01004340,False
E01004341,False
E01004342,False
E01004343,False
E01004344,False
E01004345,False
E01004346,False
E01004347,False
E01004348,False
E01004349,False
E01004324,False
E01004350,False
E01004614,False
E01004326,False
E01004446,False
E01004351,False
E01004615,False
E01004497,False
E01004327,False
E01004289,False
E01004352,False
E01004616,False
E01004498,False
E01004328,False
E01004394,False
E01004353,False
E01004617,False
E01004499,False
E01004329,False
E01004565,False
E01004354,False
E01004355,False
E01004271,False
E01004356,False
E01004357,False
E01004272,False
E01004358,False
E01004274,False
E01004384,False
E01004538,False
E01004487,False
E01004359,False
E01004275,False
E01004203,False
E01004385,False
E01004539,False
E01004436,False
E01004488,False
E01004360,False
E01004276,False
E01004591,False
E01004386,False
E01004204,False
E01004540,False
E01004437,False
E01004489,False
E01004490,False
E01004491,False
E01004492,False
E01004493,False
E01004217,False
E01004447,False
E01004368,False
E01004290,False
E01004395,False
E01004566,False
E01004218,False
E01004448,False
E01004369,False
E01004291,False
E01004396,False
E01004567,False
E01004219,False
E01004449,False
E01004370,False
E01004292,False
E01004397,False
E01004568,False
E01004221,False
E01004450,False
E01004371,False
E01004293,False
E01004295,False
E01004296,False
E01004297,False
E01004298,False
E01004300,False
E01004301,False
E01004302,False
E01004303,False
E01004304,False
E01004305,False
E01004306,False
E01004307,False
E01004308,False
E01004309,False
E01004310,False
E01004311,False
E01004312,False
E01004313,False
E01004315,False
E01004316,False
E01004319,False
E01004321,False
E01004500,False
E01004330,False
E01004618,False
E01004619,False
E01004331,False
E01004332,False
E01004620,False
E01004333,False
E01004501,False
E01004621,False
E01004372,False
E01004622,False
E01004502,False
E01004373,False
E01004503,False
E01004504,False
E01004374,False
E01004505,False
E01004375,False
E01004506,False
E01004376,False
E01004507,False
E01004377,False
E01004508,False
E01004378,False
E01004510,False
E01004379,False
E01004511,False
E01004380,False
E01004512,False
E01004381,False
E01004513,False
E01004382,False
E01004514,False
E01004623,False
E01004383,False
E01004624,False
E01004515,False
E01004569,False
E01004625,False
E01004516,False
E01004222,False
E01004626,False
E01004517,False
E01004451,False
E01004627,False
E01004518,False
E01004398,False
E01004628,False
E01004519,False
E01004399,False
E01004629,False
E01004520,False
E01004400,False
E01004630,False
E01004521,False
E01004401,False
E01004631,False
E01004522,False
E01004402,False
E01004632,False
E01004523,False
E01004403,False
E01004633,False
E01004524,False
E01004404,False
E01004634,False
E01004525,False
E01004405,False
E01004635,False
E01004526,False
E01004406,False
E01004636,False
E01004527,False
E01004407,False
E01004528,False
E01004637,False
E01004408,False
E01004638,False
E01004409,False
E01004639,False
E01004410,False
E01004640,False
E01004411,False
E01004641,False
E01004412,False
E01004642,False
E01004413,False
E01004550,False
E01004223,False
E01004551,False
E01004414,False
E01004552,False
E01004452,False
E01004553,False
E01004570,False
E01004554,False
E01004529,False
E01004226,False
E01004555,False
E01004530,False
E01004415,False
E01004556,False
E01004531,False
E01004453,False
E01004557,False
E01004532,False
E01004571,False
E01004558,False
E01004533,False
E01004559,False
E01004534,False
E01004560,False
E01004535,False
E01004563,False
E01004536,False
E01004537,False
E01004438,False
E01004541,False
E01004387,False
E01004542,False
E01004439,False
E01004277,False
E01004361,False
E01004367,False
E01004564,False
E01004445,False
E01004212,False
E01004393,False
E01004287,False
E01004214,False
E01004660,False
E01004661,False
E01004662,False
E01004711,False
E01004663,False
E01004665,False
E01004712,False
E01004733,False
E01004734,False
E01004735,False
E01004736,False
E01004737,False
E01004647,False
E01004648,False
E01004649,False
E01004650,False
E01004651,False
E01004652,False
E01004653,False
E01004706,False
E01004654,False
E01004707,False
E01004740,False
E01004741,False
E01004742,False
E01004668,False
E01004743,False
E01004708,False
E01004744,False
E01004746,False
E01004747,False
E01004748,False
E01004749,False
E01004750,False
E01004751,False
E01004752,False
E01004753,False
E01004754,False
E01004755,False
E01004756,False
E01004713,False
E01004669,False
E01004670,False
E01004674,False
E01004675,False
E01004676,False
E01004677,False
E01004678,False
E01004679,False
E01004680,False
E01004681,False
E01004682,False
E01004714,False
E01004683,False
E01004715,False
E01004684,False
E01004716,False
E01004686,False
E01004717,False
E01004718,False
E01004719,False
E01004720,False
E01004721,False
E01004722,False
E01004723,False
E01004724,False
E01004725,False
E01004726,False
E01004727,False
E01004728,False
E01004729,False
E01004730,False
E01004731,False
E01004732,False
E01004687,False
E01004690,False
E01004691,False
E01004692,False
E01004693,False
E01004694,False
E01004695,False
E01004696,False
E01004697,False
E01004698,False
E01004699,False
E01004700,False
E01004701,False
E01004702,False
E01004757,False
E01004760,False
E01004761,False
E01004643,False
E01004762,False
E01004644,False
E01004763,False
E01004703,False
E01004645,False
E01004765,False
E01004705,False
E01004646,False
E01004656,False
E01004657,False
E01004709,False
E01004658,False
E01004710,False
E01004659,False
E01032764,False
E01032581,False
E01032765,False
E01032719,False
E01032767,False
E01032582,False
E01032768,False
E01032583,False
E01032769,False
E01032770,False
E01032771,False
E01032772,False
E01032774,False
E01032775,False
E01032776,False
E01032777,False
E01032779,False
E01032780,False
E01032781,False
E01032782,False
E01032783,False
E01032784,False
E01032785,False
E01032786,False
E01032787,False
E01032788,False
E01032789,False
E01032790,False
E01032584,False
E01032623,False
E01032566,False
E01032639,False
E01032640,False
E01032646,False
E01032567,False
E01032740,False
E01032512,False
E01032741,False
E01032513,False
E01032568,False
E01032742,False
E01032803,False
E01032562,False
E01032569,False
E01032743,False
E01032834,False
E01032570,False
E01032744,False
E01032563,False
E01032572,False
E01032637,False
E01032564,False
E01032565,False
E01032638,False
E01032739,False
E01032573,False
E01032574,False
E01032575,False
E01032576,False
E01032577,False
E01032579,False
E01032580,False
E01033455,False
E01033456,False
E01033457,False
E01033463,False
E01033133,False
E01033320,False
E01033322,False
E01033324,False
E01033325,False
E01033327,False
E01033151,False
E01033341,False
E01033081,False
E01033082,False
E01033083,False
E01033084,False
E01033086,False
E01033135,False
E01033098,False
E01033099,False
E01033100,False
E01033000,False
E01033132,False
E01033030,False
E01033146,False
E01033148,False
E01033150,False
E01033208,False
E01033485,False
E01033486,False
E01033487,False
E01033488,False
E01033489,False
E01033490,False
E01033491,False
E01033493,False
E01033494,False
E01033587,False
E01033863,False
E01033864,False
E01033865,False
E01033866,False
E01033867,False
E01033868,False
E01033869,False
E01033870,False
E01033871,False
E01033872,False
E01033873,False
E01033874,False
E01033875,False
E01033876,False
E01033877,False
E01033878,False
E01033879,False
E01033880,False
E01033881,False
E01033882,False
E01033883,False
E01033884,False
E01033885,False
E01033712,False
E01033589,False
E01033590,False
E01033591,False
E01033713,False
E01033592,False
E01033593,False
E01033784,False
E01033594,False
E01033727,False
E01033728,False
E01033729,False
E01033732,False
E01033734,False
E01033735,False
E01033736,False
E01033737,False
E01033738,False
E01033739,False
E01033740,False
E01033741,False
E01033742,False
E01033743,False
E01033744,False
E01033745,False
E01033746,False
E01033597,False
E01033911,False
E01033912,False
E01033913,False
E01033914,False
E01033915,False
E01033916,False
E01033917,False
E01033918,False
E01033919,False
E01033920,False
E01033921,False
E01033922,False
E01033923,False
E01033924,False
E01033925,False
E01033926,False
E01033785,False
E01033598,False
E01033786,False
E01033787,False
E01033788,False
E01033789,False
E01033790,False
E01033791,False
E01033792,False
E01033599,False
E01033601,False
E01033602,False
E01033603,False
E01033604,False
E01033605,False
E01033927,False
E01033928,False
E01033929,False
E01033930,False
E01033862,False
E01033931,False
E01033932,False
E01033933,False
E01033934,False
E01033935,False
E01033936,False
E01033937,False
E01033938,False
E01033939,False
E01033940,False
E01033941,False
E01033942,False
E01033943,False
E01033944,False
E01033945,False
E01033946,False
E01033699,False
E01033700,False
E01033702,False
E01033703,False
E01033704,False
E01033705,False
E01033706,False
E01033708,False
E01033569,False
E01033570,False
E01033571,False
E01033579,False
E01033580,False
E01033581,False
E01033582,False
E01033584,False
E01033586,False
E01033709,False
E01033710,False
E01033711,False
E01034026,False
E01034027,False
E01034028,False
E01034029,False
E01034030,False
E01034031,False
E01034032,False
E01034033,False
E01034034,False
E01034035,False
E01034036,False
E01034037,False
E01034038,False
E01034039,False
E01034040,False
E01034041,False
E01034042,False
E01034043,False
E01034044,False
E01034045,False
E01034046,False
E01034145,False
E01034198,False
E01034199,False
E01034146,False
E01034147,False
E01034148,False
E01034149,False
E01034150,False
E01034151,False
E01034194,False
E01034154,False
E01034155,False
E01034156,False
E01034200,False
E01034152,False
E01034201,False
E01034153,False
E01034173,False
E01034174,False
E01034175,False
E01034202,False
E01034195,False
E01034196,False
E01034144,False
E01034203,False
E01034204,False
E01034205,False
E01034206,False
E01034207,False
E01034208,False
E01034209,False
E01034210,False
E01034211,False
E01034212,False
E01034213,False
E01034214,False
E01034215,False
E01034216,False
E01034217,False
E01034218,False
E01034219,False
E01034176,False
E01034220,False
E01034177,False
E01034143,False
E01034178,False
E01034221,False
E01034179,False
E01034222,False
E01034223,False
E01034224,False
E01034225,False
E01034226,False
E01034227,False
E01034228,False
E01034229,False
E01034230,False
E01034231,False
E01034180,False
E01034181,False
E01034182,False
E01034183,False
E01034184,False
E01034185,False
E01034186,False
E01034187,False
E01034188,False
E01034189,False
E01034190,False
E01034191,False
E01034192,False
E01034193,False
E01034139,False
E01034140,False
E01034141,False
E01034142,False
E01034472,False
E01034386,False
E01034485,False
E01034469,False
E01034470,False
E01034471,False
E01034387,False
E01034482,False
E01034388,False
E01034383,False
E01034389,False
E01034384,False
E01034390,False
E01034385,False
E01034391,False
E01034473,False
E01034474,False
E01034475,False
E01034476,False
E01034477,False
E01034484,False
E01034478,False
E01034479,False
E01034480,False
E01034481,False
E01034576,False
E01034392,False
E01034393,False
E01034394,False
E01034395,False
E01034577,False
E01034486,False
E01034487,False
E01034483,False
E01034578,False
E01034488,False
E01034579,False
E01034580,False
E01034581,False
E01034589,False
E01034590,False
E01034591,False
E01034592,False
E01034593,False
E01034594,False
E01034595,False
E01034596,False
E01034597,False
E01034598,False
E01034599,False
E01034600,False
E01034601,False
E01034602,False
E01034603,False
E01034604,False
E01034605,False
E01034606,False
E01034607,False
E01034608,False
E01034609,False
E01034610,False
E01034611,False
E01034612,False
E01034613,False
E01034614,False
E01034615,False
E01034616,False
E01034617,False
E01035492,False
E01035487,False
E01035493,False
E01035488,False
E01035489,False
E01035484,False
E01035485,False
E01035486,False
E01035490,False
E01035491,False
E01035494,False
E01035499,False
E01035495,False
E01035496,False
E01035497,False
E01035498,False
E01035669,False
E01035670,False
E01035671,False
E01035672,False
E01035673,False
E01035674,False
E01035675,False
E01035676,False
E01035677,False
E01035678,False
E01035679,False
E01035680,False
E01035681,False
E01035682,False
E01035683,False
E01035684,False
E01035685,False
E01035686,False
E01035687,False
E01035688,False
E01035689,False
E01035690,False
E01035691,False
E01035692,False
E01035693,False
E01035694,False
E01035695,False
E01035696,False
E01035697,False
E01035698,False
E01035699,False
E01035700,False
E01035701,False
E01035702,False
E01035703,False
E01035704,False
E01035705,False
E01035706,False
E01035707,False
E01035708,False
E01035709,False
E01035710,False
E01035714,False
E01035711,False
E01035638,False
E01035639,False
E01035716,False
E01035715,False
E01035712,False
E01035640,False
E01035641,False
E01035717,False
E01035719,False
E01035720,False
E01035721,False
E01035722,False
E01035642,False
E01035713,False
E01035643,False
E01035644,False
E01035645,False
E01035646,False
E01035647,False
E01035648,False
E01035649,False
E01035650,False
E01035651,False
E01035652,False
E01035653,False
E01035654,False
E01035655,False
E01035656,False
E01035657,False
E01035658,False
E01035659,False
E01035660,False
E01035661,False
E01035662,False
E01035663,False
E01035664,False
E01035665,False
E01035666,False
E01035667,False
E01035668,False
